{"cameraMode":{"drawMode":0,"name":"Shaded","section":"Shading Mode"},"sceneLighting":false,"audioPlay":false,"sceneViewState":{"m_AlwaysRefresh":false,"showFog":true,"showSkybox":false,"showFlares":true,"showImageEffects":true,"showParticleSystems":true,"showVisualEffectGraphs":true,"m_FxEnabled":true},"in2DMode":false,"pivot":{"x":-7.80822229385376,"y":2.293826103210449,"z":11.21789264678955},"rotation":{"x":-0.24382473528385163,"y":0.004944372456520796,"z":-0.0012420682469382883,"w":-0.9698089957237244},"size":8.661382675170899,"orthographic":true}