{"cameraMode":{"drawMode":0,"name":"Shaded","section":"Shading Mode"},"sceneLighting":true,"audioPlay":false,"sceneViewState":{"m_AlwaysRefresh":false,"showFog":true,"showSkybox":true,"showFlares":true,"showImageEffects":true,"showParticleSystems":true,"showVisualEffectGraphs":true,"m_FxEnabled":true},"in2DMode":false,"pivot":{"x":-3.5158891677856447,"y":21.74526023864746,"z":1.5734386444091797},"rotation":{"x":-0.5195310711860657,"y":-0.0046158828772604469,"z":0.002806819276884198,"w":-0.8544362187385559},"size":9.631092071533204,"orthographic":true}