{"cameraMode":{"drawMode":0,"name":"Shaded","section":"Shading Mode"},"sceneLighting":true,"audioPlay":false,"sceneViewState":{"m_AlwaysRefresh":false,"showFog":true,"showSkybox":true,"showFlares":true,"showImageEffects":true,"showParticleSystems":true,"showVisualEffectGraphs":true,"m_FxEnabled":true},"in2DMode":false,"pivot":{"x":7.356750965118408,"y":1.29169499874115,"z":-0.4362291991710663},"rotation":{"x":-0.09765411913394928,"y":-0.0038837904576212169,"z":0.0003808795881923288,"w":-0.9952134490013123},"size":6.882565021514893,"orthographic":true}