{"cameraMode":{"drawMode":0,"name":"Shaded","section":"Shading Mode"},"sceneLighting":false,"audioPlay":false,"sceneViewState":{"m_AlwaysRefresh":false,"showFog":true,"showSkybox":false,"showFlares":true,"showImageEffects":true,"showParticleSystems":true,"showVisualEffectGraphs":true,"m_FxEnabled":true},"in2DMode":false,"pivot":{"x":12.552803993225098,"y":0.028766240924596788,"z":1.1526511907577515},"rotation":{"x":-0.17684651911258698,"y":-0.33576202392578127,"z":0.06432566046714783,"w":-0.922964334487915},"size":1.2703886032104493,"orthographic":true}