{"cameraMode":{"drawMode":0,"name":"Shaded","section":"Shading Mode"},"sceneLighting":false,"audioPlay":false,"sceneViewState":{"m_AlwaysRefresh":false,"showFog":true,"showSkybox":false,"showFlares":true,"showImageEffects":true,"showParticleSystems":true,"showVisualEffectGraphs":true,"m_FxEnabled":true},"in2DMode":false,"pivot":{"x":3.8163857460021974,"y":0.29824694991111758,"z":11.500761032104493},"rotation":{"x":-0.5385885238647461,"y":0.010613529942929745,"z":-0.006785970646888018,"w":-0.8424779176712036},"size":0.5147640109062195,"orthographic":true}